{
  "camera_matrix": [
    [
      517.8722750974446,
      0.0,
      240.17807128953407
    ],
    [
      0.0,
      513.9990577718563,
      318.9122194573285
    ],
    [
      0.0,
      0.0,
      1.0
    ]
  ],
  "distortion_coefficients": [
    [
      0.24597505311362036,
      -1.34989679906235,
      -8.086536552562445e-05,
      0.0023665474816139294,
      2.254314221917189
    ]
  ],
  "rvecs": [
    [
      [
        -0.3083442087197477
      ],
      [
        -0.37978719778559783
      ],
      [
        1.4897555864760679
      ]
    ],
    [
      [
        -0.21501758150232717
      ],
      [
        -0.4497315671208288
      ],
      [
        1.4520099071822639
      ]
    ],
    [
      [
        -0.11358785304781988
      ],
      [
        -0.15624736297935057
      ],
      [
        1.621012989173947
      ]
    ],
    [
      [
        0.026659716519471997
      ],
      [
        0.18002846426253497
      ],
      [
        1.6195509578869107
      ]
    ],
    [
      [
        0.10040169470968312
      ],
      [
        -0.3819284213337608
      ],
      [
        1.4616496478064438
      ]
    ],
    [
      [
        -0.14718275961617408
      ],
      [
        -0.43290404420927237
      ],
      [
        1.3823691606192248
      ]
    ],
    [
      [
        -0.31809556895613544
      ],
      [
        -0.3253220149100773
      ],
      [
        1.5002216428605508
      ]
    ],
    [
      [
        -0.1614736257694768
      ],
      [
        -0.23038639727033378
      ],
      [
        1.5693652597596672
      ]
    ],
    [
      [
        -0.048786839809192004
      ],
      [
        -0.1499783240539611
      ],
      [
        1.607355767590233
      ]
    ],
    [
      [
        3.585236228977328e-07
      ],
      [
        -0.08517902357664497
      ],
      [
        1.6383308572074164
      ]
    ],
    [
      [
        -0.04675469353552288
      ],
      [
        -0.22669247579639476
      ],
      [
        1.5978386282240524
      ]
    ],
    [
      [
        -0.0007068487609230659
      ],
      [
        -0.1374814226900581
      ],
      [
        1.6505278979493114
      ]
    ],
    [
      [
        -0.012504274277462611
      ],
      [
        -0.09588802904076706
      ],
      [
        1.5069071950955422
      ]
    ],
    [
      [
        -0.030069082810614527
      ],
      [
        -0.12270070054563056
      ],
      [
        1.5900927664494855
      ]
    ],
    [
      [
        -0.07760769301520562
      ],
      [
        -0.13221903490159584
      ],
      [
        1.6198915265617913
      ]
    ],
    [
      [
        -0.21629240476686748
      ],
      [
        0.044241196210476424
      ],
      [
        1.4950007416626154
      ]
    ],
    [
      [
        -0.13123968421704332
      ],
      [
        -0.3580749920385351
      ],
      [
        1.5212892005036311
      ]
    ],
    [
      [
        -0.3099076376678836
      ],
      [
        -0.33180642334889254
      ],
      [
        1.4083486034063717
      ]
    ],
    [
      [
        -0.2595059245307213
      ],
      [
        -0.4134301521267229
      ],
      [
        1.4542092116954326
      ]
    ],
    [
      [
        -0.23478646010436283
      ],
      [
        -0.3254060997003563
      ],
      [
        1.465416019042744
      ]
    ],
    [
      [
        -0.13470918046007072
      ],
      [
        -0.17734285925128085
      ],
      [
        1.517243001243272
      ]
    ],
    [
      [
        -0.09867252658643082
      ],
      [
        -0.257979646602933
      ],
      [
        1.533160227657893
      ]
    ],
    [
      [
        -0.02105194210077422
      ],
      [
        -0.10908969324591196
      ],
      [
        1.5485351211080962
      ]
    ],
    [
      [
        0.009461775698423708
      ],
      [
        -0.03797747632740717
      ],
      [
        1.5652125794539709
      ]
    ],
    [
      [
        0.16177982046550282
      ],
      [
        0.155357032518776
      ],
      [
        1.5923010005265779
      ]
    ],
    [
      [
        0.3084000883127162
      ],
      [
        0.3126485412363676
      ],
      [
        1.5619962315477007
      ]
    ],
    [
      [
        0.28176527279144586
      ],
      [
        0.31681104057178766
      ],
      [
        1.532605945957149
      ]
    ],
    [
      [
        0.22599642096977243
      ],
      [
        0.04553466058407087
      ],
      [
        1.5974891141995908
      ]
    ],
    [
      [
        0.25128346192523643
      ],
      [
        -0.09434711968304575
      ],
      [
        1.6216181939610137
      ]
    ],
    [
      [
        0.06061642030094365
      ],
      [
        -0.16217113636675262
      ],
      [
        1.5840322414111236
      ]
    ],
    [
      [
        -0.12757052369222194
      ],
      [
        -0.26085619307151137
      ],
      [
        1.4802311828147896
      ]
    ],
    [
      [
        -0.38000620418517167
      ],
      [
        -0.009662041906229343
      ],
      [
        1.4592794704063472
      ]
    ],
    [
      [
        -0.3689715104572394
      ],
      [
        0.16768951373703467
      ],
      [
        1.5822876134549813
      ]
    ],
    [
      [
        -0.1151011812253476
      ],
      [
        0.5042889385179876
      ],
      [
        1.6766587607311596
      ]
    ],
    [
      [
        0.05917823905928461
      ],
      [
        0.469134424975846
      ],
      [
        1.7140742493748735
      ]
    ],
    [
      [
        0.28793949126401974
      ],
      [
        0.283500803578342
      ],
      [
        1.6796174491836007
      ]
    ],
    [
      [
        0.4501020882123108
      ],
      [
        0.11926720308676425
      ],
      [
        1.7685445892484943
      ]
    ],
    [
      [
        0.3958297046944242
      ],
      [
        -0.061910001783885324
      ],
      [
        1.8043447255600735
      ]
    ],
    [
      [
        0.15475572649211494
      ],
      [
        -0.27924335616255763
      ],
      [
        1.692503047204697
      ]
    ],
    [
      [
        0.02633904389338981
      ],
      [
        -0.21045719065874804
      ],
      [
        1.5445362647684386
      ]
    ]
  ],