{
  "camera_matrix": [
    [
      769.6272463237623,
      0.0,
      488.46157162331167
    ],
    [
      0.0,
      772.6244337803979,
      271.09322874454045
    ],
    [
      0.0,
      0.0,
      1.0
    ]
  ],
  "distortion_coefficients": [
    [
      0.18520227852104762,
      -0.9318677613094865,
      -0.0004729900599461657,
      0.00018085318363563626,
      1.1672992278782286
    ]
  ],
  "rvecs": [
    [
      [
        -0.2641866345084168
      ],
      [
        0.6387632191031531
      ],
      [
        2.9306726411271606
      ]
    ],
    [
      [
        -0.023047759645668252
      ],
      [
        0.10577857944859609
      ],
      [
        3.101061277295869
      ]
    ],
    [
      [
        -0.5345492559063877
      ],
      [
        0.5209565281591394
      ],
      [
        2.884022476575484
      ]
    ],
    [
      [
        -0.18509981998270258
      ],
      [
        0.32354713929890566
      ],
      [
        2.9869852708869398
      ]
    ]
  ],
  "tvecs": [
    [
      [
        5.698965057504759
      ],
      [
        1.8777855307522133
      ],
      [
        9.774426507163856
      ]
    ],
    [
      [
        5.182372571111197
      ],
      [
        2.911402919888483
      ],
      [
        10.093010972369228
      ]
    ],
    [
      [
        4.823804499044107
      ],
      [
        1.6651894569400894
      ],
      [
        10.365676256292852
      ]
    ],
    [
      [
        4.58679822765268
      ],
      [
        1.386740104096626
      ],
      [
        11.591448390629632
      ]
    ]
  ]
}